user_id,team
10832,App Compat
10851,App Compat
10919,App Compat
11127,Administration
11143,EnS
11146,EnS
11147,EnS
11148,EnS
11259,PLX Manual Testing
11261,SEManTEX
11273,SEManTEX
11285,SEManTEX
11289,PLX Release Manager
11311,SEManTEX
11336,SEManTEX
11501,SEManTEX
11506,SEManTEX
11565,App Compat
11621,Teams Privacy
11631,SEManTEX
11697,SEManTEX
11705,SEManTEX
11712,SEManTEX
11719,EnS
11723,Teams Privacy
11728,EnS
11730,App Compat
11757,App Compat
11836,O365 Privacy Manual Testing
11837,O365 Privacy Manual Testing
11978,App Compat
12144,Administration
12212,EnS
12258,EnS
12259,Trace IQ
12260,SEManTEX
12272,SEManTEX
12277,SEManTEX
12279,EnS
12280,SEManTEX
12281,SEManTEX
12345,App Compat
12346,App Compat
12347,SEManTEX
12351,SEManTEX
12414,SEManTEX
12504,SEManTEX
12579,App Compat
12599,SEManTEX
12659,Surface PLE
12695,SEManTEX
12725,SEManTEX
12876,Autar
12877,EnS
12884,EnS
12919,SEManTEX
12920,SEManTEX
12921,SEManTEX
12923,SEManTEX
12952,SEManTEX
12967,App Compat
12972,Surface PLE
13008,Teams Privacy
13102,PLX Feedback Triage
13105,App Compat
13138,SEManTEX
13235,SEManTEX
13255,App Compat
13317,O365 Privacy Manual Testing
13323,SEManTEX
13324,O365 Privacy Manual Testing
13326,App Compat
13327,O365 Privacy Manual Testing
13344,Teams Privacy
13357,SEManTEX
13361,O365 Privacy Automation Testing
13365,Teams Privacy
13385,Teams Privacy
13386,O365 Privacy Manual Testing
13392,Surface PLE
13393,Surface PLE
13398,Surface PLE
13399,EnS
13418,SEManTEX
13424,SEManTEX
13451,PLX Feedback Triage
13477,SEManTEX
13489,App Compat
13490,App Compat
13502,PLX Feedback Triage
13520,App Compat
13522,SEManTEX
13532,SEManTEX
13536,SEManTEX
13537,PLX Feedback Triage
13540,SEManTEX
13550,Teams Privacy
13552,App Compat
13553,App Compat
13554,App Compat
13557,SEManTEX
13558,SEManTEX
13567,App Compat
13573,Teams Privacy
13574,Teams Privacy
13586,App Compat
13587,App Compat
13593,EnS
13595,Teams Privacy
13623,Autar
13624,Autar
13625,Autar
13629,O365 Privacy Manual Testing
13637,EnS
13638,O365 Privacy Automation Testing
13640,EnS
13643,Teams Privacy
13657,Teams Privacy
13660,Teams Privacy
13661,SEManTEX
13662,EnS
13663,Autar
13669,EnS
13670,Trace IQ
13673,O365 Privacy Automation Testing
13674,O365 Privacy Manual Testing
13676,SEManTEX
13677,SEManTEX
13678,PLX Manual Testing
13701,Surface PLE
13705,Surface PLE
13884,Autar
